media_channel_id,media_channel_name,description
10,firm,Gun beautiful Mrs fish. Describe director task store lead admit value administration.
9,thousand,Behind present do operation impact. Blue can professor stay billion easy.
3,her,Too face easy member. Much none adult event. Determine structure early figure.
10,from,Purpose his record front compare.Difficult lead then suddenly.
6,example,Any century their effort subject science. Rule at remember ground where music.
5,standard,Appear floor daughter summer same.
5,middle,Glass miss city mean class job anyone.
10,cell,Long several style message.
5,serious,Official seem not store serious whole seat push. Much himself Mrs. Man thank ever market full.
4,each,Finally hold social people past. Fire manager what great ahead rest.
