offer_id,offer_name,discount,valid_from,valid_to,terms,offer_code,max_usage,country
14,Team-oriented tangible access,73,2024-02-23,2024-03-26,Raise kitchen recognize natural statement.Produce some image leave. Live green turn camera give role. One chair case lay.Over generation western watch can good a scene. Occur treat eye.,ROR-22678,204,Brazil
19,Public-key incremental moratorium,68,2024-02-29,2024-01-07,Part dinner politics buy go. Kitchen customer ready week the measure month.Newspaper technology discover believe white.,Hdt-77992,58,USA
9,Front-line tertiary contingency,1,2024-01-01,2024-04-25,Miss participant most seek upon. Vote meet rock end term scene drawHold section quality wall. Catch area community sea then. House manage section win phone might.Use enough religious decision.,tlO-02815,785,USA
3,Advanced local pricing structure,26,2024-03-21,2024-04-22,Nation push painting stock party stop ready. Often to together school develop light low.Indicate ask rest brother. Republican here popular difficult area.,jXI-50965,839,China
19,Adaptive value-added ability,43,2024-05-20,2024-02-29,Cut production call.Happy shoulder necessary local new culture. Human mouth how total need skill no.,yJH-47727,138,Canada
2,Total exuding workforce,23,2024-02-13,2024-04-24,Worry national sport able bank quite state. Cut case artist school lead person city. Statement old billion size.,NEn-00179,846,Italy
15,Organized coherent function,73,2024-05-30,2024-01-18,Fall peace want cause statement. Strong attack agent.Mention remain off partner court on at professor. Across share artist onto decide design.,XBd-10045,824,Italy
4,Progressive needs-based neural-net,4,2024-02-28,2024-03-08,Order interview now hospital firm area team indicate. Care citizen quickly in let full trade political. Artist environmental ask staff serve throw team.,jqa-29610,591,USA
5,User-friendly national function,10,2024-04-09,2024-04-14,Over sort world. Image research appear current positive world.Spech increase radio wonder writer long surface. Once movement civil wind firm sport. Others billion effect special talk.,gSh-78211,156,France
3,Inverse bi-directional Internet solution,48,2024-05-19,2024-03-24,Result whom inside collection. Stock bank choice number wind away. Military professional almost with security still.Build indicate teacher difference.,ouq-81338,74,Germany
4,Business-focused neutral functionalities,27,2024-05-30,2024-05-28,Trade there area nation. Your tree blue.Product hair gun dream travel. Whose car pull full.Point performance human those growth. Item thousand interest world the get federal.,DXk-65849,898,USA
5,Distributed bi-directional strategy,89,2024-03-17,2024-05-28,Employee participant piece necessary. Process computer production increase condition pass bad.Learn relate visit. Person pretty local under. Bar miss clear not.,CFo-56048,223,Brazil
18,Persevering actuating algorithm,19,2024-06-05,2024-06-10,Time everybody we end firm true. Black tough level hair class by.High new animal item race. Position threat today fine side difficult machine. Trade return difficult sister occur walk police.,XWd-56840,392,Italy
2,Diverse zero administration synergy,44,2024-04-07,2024-04-05,Foot college through design shake heavy item. Half although act run. Down house food figure think purpose.,AAs-36863,422,Brazil
16,Multi-layered directional utilization,87,2024-01-18,2024-02-25,System population generation think measure. Station box production company level center could. First prepare citizen investment cause.,aZv-73703,506,Brazil
9,Inverse bandwidth-monitored budgetary management,43,2024-05-29,2024-02-17,Today require rate total. Far sit every smile believe section foreign know.Official student three full kid teach. Rich she environment sit data.,qFQ-55081,668,USA
16,Diverse leadingedge success,76,2024-05-26,2024-01-08,Contain kid project must major bit. Population learn successful central. Entire attack third.,etP-66792,681,France
5,User-centric executive Graphic Interface,90,2024-01-09,2024-04-11,Exactly course important security hundred. Thus member simply bill up professor.Home move become. Democratic sometimes sign experience. Indeed teach window home detail seem.,yMW-60009,894,Brazil
5,Expanded multi-state framework,14,2024-04-20,2024-05-21,Team area support room tell worker. Hotel affect family low movie evidence quality animal.Cost by skill western. Four huge either drive thus. Technology tell well region financial.,vCt-42426,650,Italy
10,Ameliorated empowering circuit,35,2024-06-09,2024-01-12,See allow low you couple view case involve. Hit board knowledge think she discussion. East buy wonder.Bag color although into. Peace nature need floor vote.,vZV-07986,400,China
