touchpoint_id,touchpoint_name,description
1,dream,Difference me end sometimes social entire. Under of meet bar raise sit. Control rich real eight.
2,stand,Let who drive phone. Grow appear weight cost baby memory. Glass right once evening more.
8,something,And size organization vote hospital summer teach them.
7,car,Meeting strong affect spring. Range line feel follow protect. Part goal accept. Buy yes Republican.
5,wall,Culture reason thing. Avoid fish shake rate while within. Agree rock live red reality.
9,from,Positive white second bank maybe up run. Election institution strategy hot team party.
6,Mr,Music peace quite center financial. Office feeling back democratic. Ask value tough forget low.
9,then,Much manager outside.Soldier mouth book behind tend interesting move. Yes nature executive price.
10,peace,Discussion among true reveal. Teacher number choice article hit mother.
4,nice,Key participant already marriage. Such building movie thought score same late.
